Index,City,State,Hashtag,Created_At,Lat,Lng,Color,Density,Population,Counts
1,Dallas, TX,#MWGA,Fri Jun 19 19:02:19 +0000 2020,32.7936,-96.7662,#21897e,1524.0,5733259.0,1
2,Miami, FL,#MWGA,Mon Jun 15 22:12:44 +0000 2020,25.7839,-80.2102,#21897e,4969.0,6381966.0,1
3,Washington, USA,#MWGA,Sun Jun 14 16:16:23 +0000 2020,47.344806451612904,-121.38152080645162,#21897e,521.5129032258064,16346.754838709678,1
5,Omaha, Nebraska,#MWGA,Sat Jun 13 16:52:52 +0000 2020,41.2628,-96.0498,#21897e,1304.0,827786.0,3
6,Omaha, NE,#MWGA,Sat Jun 13 13:15:51 +0000 2020,41.2628,-96.0498,#21897e,1304.0,827786.0,3
8,Omaha, NE,#MWGA,Sat Jun 13 12:45:10 +0000 2020,41.2628,-96.0498,#21897e,1304.0,827786.0,3
11,Ohio, USA,#onlyfans,Sun Jun 21 12:13:48 +0000 2020,40.35181636212625,-82.80448712624585,#3ba99c,549.1569767441861,11432.45265780731,1
13,Fort Lauderdale, FL,#onlyfans,Sun Jun 21 12:13:05 +0000 2020,26.1412,-80.1464,#3ba99c,2010.0,180072.0,1
18,Raleigh, NC,#onlyfans,Sun Jun 21 12:12:04 +0000 2020,35.8324,-78.6438,#3ba99c,1235.0,1018336.0,1
20,Atlanta, GA,#onlyfans,Sun Jun 21 12:11:47 +0000 2020,33.7627,-84.4225,#3ba99c,1384.0,5228750.0,1
25,Goodwin,SD,#onlyfans,Sun Jun 21 12:10:49 +0000 2020,44.8775,-96.8497,#3ba99c,118.0,145.0,1
27,Los Angeles, CA,#onlyfans,Sun Jun 21 12:10:41 +0000 2020,34.1139,-118.4068,#3ba99c,3295.0,12815475.0,1
33,Katy, TX,Feminazi,Sun Jun 21 12:04:20 +0000 2020,29.7905,-95.8353,#69d1c5,485.0,18282.0,1
38,Mountain View, CA,Feminazi,Sun Jun 21 11:40:51 +0000 2020,37.4,-122.0796,#69d1c5,2622.0,81438.0,1
56,Philadelphia, PA,#Feminism,Sun Jun 21 12:01:38 +0000 2020,40.0077,-75.1339,#7ebce6,4547.0,5637884.0,1
64,Portland, ME,#Feminism,Sun Jun 21 11:22:42 +0000 2020,43.6773,-70.2715,#7ebce6,1197.0,206023.0,1
80,Pensacola, FL,#Equality,Sat Jun 20 14:27:51 +0000 2020,30.4427,-87.1886,#8980f5,897.0,344400.0,1
82,Chicago, Illinois,#Equality,Sun Jun 21 12:13:16 +0000 2020,41.8373,-87.6862,#8980f5,4612.0,8675982.0,1
83,New York, Miami,#Equality,Sun Jun 21 12:12:25 +0000 2020,42.11192215013902,-75.02628554216868,#8980f5,970.2613531047266,35076.80815569972,1
89,Nevada, USA,#Equality,Sun Jun 21 12:06:09 +0000 2020,38.783906106870226,-117.30850076335878,#8980f5,249.95419847328245,33847.93893129771,1
91,New Orleans, LA,#Equality,Sun Jun 21 12:05:07 +0000 2020,30.0687,-89.9288,#8980f5,896.0,1029123.0,1
94,Miami Beach, FL,#Equality,Sun Jun 21 12:03:43 +0000 2020,25.8171,-80.1396,#8980f5,4633.0,92307.0,1
97,Petersburg, VA,#Equality,Sun Jun 21 12:03:00 +0000 2020,37.2043,-77.3913,#8980f5,539.0,31750.0,1
99,Mississippi, USA,#Equality,Sun Jun 21 11:59:10 +0000 2020,32.897958448753464,-89.6104265927978,#8980f5,238.14681440443212,5752.02216066482,1
103,Washington, DC,#Equality,Sun Jun 21 11:50:16 +0000 2020,38.9047,-77.0163,#8980f5,4382.0,5289420.0,1
107,Massachusetts, USA,#Equality,Sun Jun 21 11:42:35 +0000 2020,42.08924751773049,-71.18091205673758,#8980f5,1008.886524822695,63636.99290780142,1
108,Miami, FL,#Equality,Sun Jun 21 11:42:28 +0000 2020,25.7839,-80.2102,#8980f5,4969.0,6381966.0,2
110,Las Vegas, NV,#Equality,Sun Jun 21 11:35:26 +0000 2020,36.2333,-115.2654,#8980f5,1747.0,2073045.0,1
113,Michigan City , Indiana ,#Equality,Sun Jun 21 11:29:07 +0000 2020,41.7098,-86.8705,#8980f5,609.0,65144.0,1
114,Miami, FL,#Equality,Sun Jun 21 11:27:31 +0000 2020,25.7839,-80.2102,#8980f5,4969.0,6381966.0,2
120,Longview, TX,#Equality,Sun Jun 21 11:14:10 +0000 2020,32.5192,-94.7622,#8980f5,565.0,100196.0,1
121,New York, USA,#BLM,Sat Jun 20 15:40:21 +0000 2020,42.11192215013902,-75.02628554216868,#1e212b,970.2613531047266,35076.80815569972,2
122,Miami, FL,#BLM,Sat Jun 20 13:33:42 +0000 2020,25.7839,-80.2102,#1e212b,4969.0,6381966.0,1
124,New York, USA,#BLM,Sun Jun 21 12:13:51 +0000 2020,42.11192215013902,-75.02628554216868,#1e212b,970.2613531047266,35076.80815569972,2
126,Mount Sterling, KY,#BLM,Sun Jun 21 12:13:46 +0000 2020,38.0646,-83.9473,#1e212b,630.0,11328.0,1
129,Florida, USA,#BLM,Sun Jun 21 12:13:28 +0000 2020,28.1400878021978,-82.12263065934067,#1e212b,927.0826373626373,33241.92747252747,1
134,Greenwood, IN,#BLM,Sun Jun 21 12:13:17 +0000 2020,39.6019,-86.1073,#1e212b,793.0,57375.0,1
135,Connecticut, USA,#BLM,Sun Jun 21 12:13:17 +0000 2020,41.55448839285714,-72.6807919642857,#1e212b,749.8392857142857,36364.169642857145,1
136,Murfreesboro, TN,#BLM,Sun Jun 21 12:13:13 +0000 2020,35.8493,-86.4117,#1e212b,864.0,167055.0,1
140,Cambridge, MA,#BLM,Sun Jun 21 12:12:56 +0000 2020,42.3759,-71.1185,#1e212b,6862.0,113630.0,1
144,California, USA,#BLM,Sun Jun 21 12:12:47 +0000 2020,36.924938936877076,-120.18747089700997,#1e212b,956.9958139534883,39607.22724252492,1
145,Maryland, USA,#BLM,Sun Jun 21 12:12:47 +0000 2020,39.096691245136185,-76.99463501945526,#1e212b,843.964980544747,13387.101167315175,1
146,MA, USA,#BLM,Sun Jun 21 12:12:45 +0000 2020,42.08924751773049,-71.18091205673758,#1e212b,1008.886524822695,63636.99290780142,1
147,Hesperia, CA,#BLM,Sun Jun 21 12:12:37 +0000 2020,34.3975,-117.3147,#1e212b,503.0,94859.0,1
149,Washington, DC,#MAGA,Sun Jun 21 02:12:03 +0000 2020,38.9047,-77.0163,#ffc800,4382.0,5289420.0,1
151,Michigan, USA,#MAGA,Sun Jun 21 12:13:53 +0000 2020,43.47372115942029,-84.86635913043477,#ffc800,503.21159420289854,15115.937681159421,1
152,Houston, TX,#MAGA,Sun Jun 21 12:13:53 +0000 2020,29.7869,-95.3905,#ffc800,1401.0,5446468.0,1
153,Davidsville, PA,#MAGA,Sun Jun 21 12:13:52 +0000 2020,40.2348,-78.9356,#ffc800,140.0,841.0,1
154,Georgia, USA,#MAGA,Sun Jun 21 12:13:50 +0000 2020,32.96564403225806,-83.57147564516129,#ffc800,315.7548387096774,17340.274193548386,2
155,Fort Myers, FL,#MAGA,Sun Jun 21 12:13:50 +0000 2020,26.6195,-81.8303,#ffc800,774.0,79943.0,1
157,Chicago, IL,#MAGA,Sun Jun 21 12:13:49 +0000 2020,41.8373,-87.6862,#ffc800,4612.0,8675982.0,1
158,Boston, MA,#MAGA,Sun Jun 21 12:13:48 +0000 2020,42.3188,-71.0846,#ffc800,5472.0,4637537.0,1
160,Ohio, USA,#MAGA,Sun Jun 21 12:13:47 +0000 2020,40.35181636212625,-82.80448712624585,#ffc800,549.1569767441861,11432.45265780731,1
161,Georgia, USA,#MAGA,Sun Jun 21 12:13:46 +0000 2020,32.96564403225806,-83.57147564516129,#ffc800,315.7548387096774,17340.274193548386,2
162,Oklahoma, USA,#MAGA,Sun Jun 21 12:13:45 +0000 2020,35.55583016304348,-96.7480898097826,#ffc800,230.94565217391303,4969.266304347826,1
164,Pleasanton, CA,#MAGA,Sun Jun 21 12:13:40 +0000 2020,37.6663,-121.8805,#ffc800,1327.0,83007.0,1
165,Wichita, KS,#MAGA,Sun Jun 21 12:13:40 +0000 2020,37.6897,-97.3441,#ffc800,935.0,483057.0,1
166,Charlottesville, VA,#MAGA,Sun Jun 21 12:13:39 +0000 2020,38.0375,-78.4855,#ffc800,1809.0,102016.0,1
167,Texas, USA,#MAGA,Sun Jun 21 12:13:37 +0000 2020,30.65436949941793,-97.80444208381839,#ffc800,467.07974388824215,19220.278230500582,1
169,Austin, TX,#MAGA,Sun Jun 21 12:13:29 +0000 2020,30.3006,-97.7517,#ffc800,1144.0,1638716.0,1
170,Apex, NC,#MAGA,Sun Jun 21 12:13:29 +0000 2020,35.7246,-78.8698,#ffc800,1020.0,50451.0,1
171,Utah, USA,#MAGA,Sun Jun 21 12:13:28 +0000 2020,39.8694475308642,-111.74183148148148,#ffc800,364.6358024691358,14984.160493827161,1
173,Missouri, USA,#MAGA,Sun Jun 21 12:13:24 +0000 2020,38.46613426911907,-92.43911626331074,#ffc800,405.15663117134557,7224.933204259439,1
174,Raleigh, NC,#MAGA,Sun Jun 21 12:13:21 +0000 2020,35.8324,-78.6438,#ffc800,1235.0,1018336.0,1
175,Mount Sterling, KY,#MAGA,Sun Jun 21 12:13:20 +0000 2020,38.0646,-83.9473,#ffc800,630.0,11328.0,1
176,Florida, USA,#MAGA,Sun Jun 21 12:13:18 +0000 2020,28.1400878021978,-82.12263065934067,#ffc800,927.0826373626373,33241.92747252747,2
178,Florida,  born in Scotland ,#MAGA,Sun Jun 21 12:13:14 +0000 2020,28.1400878021978,-82.12263065934067,#ffc800,927.0826373626373,33241.92747252747,2
179,Clovis, CA,#ProChoice,Sun Jun 21 05:57:45 +0000 2020,36.8277,-119.6838,#ff8427,1720.0,109691.0,1
182,Alabama, USA,#ProChoice,Sun Jun 21 11:08:24 +0000 2020,32.94153133561644,-86.74674229452056,#ff8427,145.04965753424656,7362.020547945205,1
184,New York, Philadelphia,#ProChoice,Sun Jun 21 10:56:33 +0000 2020,42.11192215013902,-75.02628554216868,#ff8427,970.2613531047266,35076.80815569972,4
185,Baltimore, MD,#ProChoice,Sun Jun 21 10:55:08 +0000 2020,39.3051,-76.6144,#ff8427,2917.0,2170504.0,1
186,Maryland, USA,#ProChoice,Sun Jun 21 10:42:54 +0000 2020,39.096691245136185,-76.99463501945526,#ff8427,843.964980544747,13387.101167315175,1
187,Hilliard, OH,#ProChoice,Sun Jun 21 10:36:39 +0000 2020,40.0353,-83.1578,#ff8427,972.0,35939.0,1
190,Lancaster, PA,#ProChoice,Sun Jun 21 09:10:34 +0000 2020,40.042,-76.3012,#ff8427,3189.0,404525.0,1
191,Seattle, WA,#ProChoice,Sun Jun 21 08:58:25 +0000 2020,47.6211,-122.3244,#ff8427,3336.0,3643765.0,2
192,Carlsbad, CA,#ProChoice,Sun Jun 21 08:29:37 +0000 2020,33.1247,-117.2837,#ff8427,1179.0,115330.0,1
194,Manhattan, NY,#ProChoice,Sun Jun 21 07:42:44 +0000 2020,40.7834,-73.9662,#ff8427,27799.0,1643734.0,1
195,SC, USA,#ProChoice,Sun Jun 21 07:10:13 +0000 2020,34.02741446700507,-81.11013807106599,#ff8427,310.6446700507614,11497.964467005077,1
196,Seattle, WA,#ProChoice,Sun Jun 21 06:54:37 +0000 2020,47.6211,-122.3244,#ff8427,3336.0,3643765.0,2
199,California, USA ,#ProChoice,Sun Jun 21 06:46:04 +0000 2020,36.924938936877076,-120.18747089700997,#ff8427,956.9958139534883,39607.22724252492,2
200,Massachusetts, USA,#ProChoice,Sun Jun 21 06:36:42 +0000 2020,42.08924751773049,-71.18091205673758,#ff8427,1008.886524822695,63636.99290780142,1
202,Boulder, Colorado,#ProChoice,Sun Jun 21 06:33:58 +0000 2020,40.0249,-105.2523,#ff8427,1573.0,126054.0,1
203,New York, NY,#ProChoice,Sun Jun 21 06:23:36 +0000 2020,40.6943,-73.9249,#ff8427,11083.0,19354922.0,4
204,New York, NY,#ProChoice,Sun Jun 21 06:22:23 +0000 2020,40.6943,-73.9249,#ff8427,11083.0,19354922.0,4
205,California, USA,#ProChoice,Sun Jun 21 06:18:31 +0000 2020,36.924938936877076,-120.18747089700997,#ff8427,956.9958139534883,39607.22724252492,2
206,Washington, USA,#ProChoice,Sun Jun 21 06:16:43 +0000 2020,47.344806451612904,-121.38152080645162,#ff8427,521.5129032258064,16346.754838709678,1
208,Texas, USA,#ProChoice,Sun Jun 21 06:11:40 +0000 2020,30.65436949941793,-97.80444208381839,#ff8427,467.07974388824215,19220.278230500582,1
209,Atlanta, Georgia,#ProChoice,Sun Jun 21 06:10:25 +0000 2020,33.7627,-84.4225,#ff8427,1384.0,5228750.0,1
210,New York, USA,#ProChoice,Sun Jun 21 06:09:53 +0000 2020,42.11192215013902,-75.02628554216868,#ff8427,970.2613531047266,35076.80815569972,4
211,Greenville, SC,#ProChoice,Sun Jun 21 06:09:06 +0000 2020,34.8362,-82.3649,#ff8427,902.0,467894.0,1
212,Tacoma, WA,#ProChoice,Sun Jun 21 06:08:09 +0000 2020,47.2431,-122.4531,#ff8427,1657.0,213418.0,1
213,Washington, DC,#ProLife,Sun Jun 21 01:06:15 +0000 2020,38.9047,-77.0163,#564787,4382.0,5289420.0,1
214,Florida, USA,#ProLife,Sun Jun 21 11:58:42 +0000 2020,28.1400878021978,-82.12263065934067,#564787,927.0826373626373,33241.92747252747,1
216,Franklin, Tennessee,#ProLife,Sun Jun 21 11:55:31 +0000 2020,35.9216,-86.8525,#564787,727.0,78321.0,1
218,Ohio, Massachusetts,#ProLife,Sun Jun 21 11:49:33 +0000 2020,40.35181636212625,-82.80448712624585,#564787,549.1569767441861,11432.45265780731,1
219,North Carolina, USA,#ProLife,Sun Jun 21 11:45:47 +0000 2020,35.439809510869566,-79.32081358695652,#564787,296.32065217391306,12504.385869565218,1
220,Bradenton, FL,#ProLife,Sun Jun 21 11:36:10 +0000 2020,27.49,-82.574,#564787,1512.0,56508.0,1
222,Maryland, USA,#ProLife,Sun Jun 21 11:25:52 +0000 2020,39.096691245136185,-76.99463501945526,#564787,843.964980544747,13387.101167315175,1
224,Marco Island, FL,#ProLife,Sun Jun 21 11:11:05 +0000 2020,25.933,-81.6993,#564787,568.0,17904.0,1
226,Harrisburg, PA,#ProLife,Sun Jun 21 11:01:15 +0000 2020,40.2752,-76.8843,#564787,2339.0,441580.0,1
229,Michigan, USA,#ProLife,Sun Jun 21 10:44:10 +0000 2020,43.47372115942029,-84.86635913043477,#564787,503.21159420289854,15115.937681159421,1
233,Albuquerque, NM,#ProLife,Sun Jun 21 09:35:16 +0000 2020,35.1053,-106.6464,#564787,1151.0,758523.0,1
235,Atlanta, GA,#BlueLivesMurder,Sun Jun 21 11:23:30 +0000 2020,33.7627,-84.4225,#dbcbd8,1384.0,5228750.0,2
236,Missoula, MT,#BlueLivesMurder,Sun Jun 21 11:04:41 +0000 2020,46.8685,-114.0095,#dbcbd8,967.0,90218.0,1
237,San Antonio, TX,#BlueLivesMurder,Sun Jun 21 08:42:19 +0000 2020,29.4658,-98.5254,#dbcbd8,1204.0,2002530.0,1
238,Oregon, USA,#BlueLivesMurder,Sun Jun 21 05:46:25 +0000 2020,44.56224297082228,-122.01842334217507,#dbcbd8,621.6392572944297,13825.602122015915,2
239,Cincinnati, OH,#BlueLivesMurder,Sun Jun 21 05:43:03 +0000 2020,39.1412,-84.506,#dbcbd8,1493.0,1648254.0,1
240,La Puente, CA,#BlueLivesMurder,Sun Jun 21 02:05:12 +0000 2020,34.0323,-117.9533,#dbcbd8,4475.0,40322.0,1
241,Florida, USA,#BlueLivesMurder,Sun Jun 21 01:39:27 +0000 2020,28.1400878021978,-82.12263065934067,#dbcbd8,927.0826373626373,33241.92747252747,2
242,Tulsa, OK,#BlueLivesMurder,Sat Jun 20 22:36:25 +0000 2020,36.1284,-95.9043,#dbcbd8,785.0,672054.0,1
243,Columbus, Ohio,#BlueLivesMurder,Sat Jun 20 22:35:36 +0000 2020,39.986,-82.9851,#dbcbd8,1551.0,1528314.0,1
245,Milwaukee, WI,#BlueLivesMurder,Sat Jun 20 19:05:08 +0000 2020,43.0642,-87.9673,#dbcbd8,2389.0,1377808.0,1
246,Mesa, AZ,#BlueLivesMurder,Sat Jun 20 19:03:15 +0000 2020,33.4017,-111.7181,#dbcbd8,1388.0,496401.0,1
247,Seattle, WA,#BlueLivesMurder,Sat Jun 20 18:20:43 +0000 2020,47.6211,-122.3244,#dbcbd8,3336.0,3643765.0,1
249,San Francisco, CA,#BlueLivesMurder,Sat Jun 20 16:19:22 +0000 2020,37.7562,-122.443,#dbcbd8,7286.0,3603761.0,1
250,Oregon, USA,#BlueLivesMurder,Sat Jun 20 14:48:35 +0000 2020,44.56224297082228,-122.01842334217507,#dbcbd8,621.6392572944297,13825.602122015915,2
251,Detroit, MI,#BlueLivesMurder,Sat Jun 20 13:21:08 +0000 2020,42.3834,-83.1024,#dbcbd8,1873.0,3522206.0,1
254,Tucson, AZ,#BlueLivesMurder,Sat Jun 20 03:23:26 +0000 2020,32.1545,-110.8782,#dbcbd8,868.0,868391.0,1
255,Florida, USA,#BlueLivesMurder,Sat Jun 20 02:28:26 +0000 2020,28.1400878021978,-82.12263065934067,#dbcbd8,927.0826373626373,33241.92747252747,2
257,Denver, CO,#BlueLivesMurder,Sat Jun 20 01:14:47 +0000 2020,39.7621,-104.8759,#dbcbd8,1774.0,2787266.0,1
258,Atlanta, GA,#BlueLivesMurder,Sat Jun 20 00:26:59 +0000 2020,33.7627,-84.4225,#dbcbd8,1384.0,5228750.0,2
260,El Cajon, CA,#BlueLivesMurder,Fri Jun 19 23:41:19 +0000 2020,32.8017,-116.9604,#dbcbd8,2769.0,103894.0,1
262,Colorado Springs, CO,#BlueLivesMurder,Fri Jun 19 21:57:29 +0000 2020,38.8674,-104.7606,#dbcbd8,919.0,623946.0,1
264,Steilacoom, WA,#BlueLivesMurder,Fri Jun 19 20:56:06 +0000 2020,47.1699,-122.5935,#dbcbd8,1215.0,6337.0,1
266,Ohio, USA,#BlueLivesMurder,Fri Jun 19 20:52:53 +0000 2020,40.35181636212625,-82.80448712624585,#dbcbd8,549.1569767441861,11432.45265780731,1
267,Austin, TX,#BlueLivesMurder,Fri Jun 19 20:48:42 +0000 2020,30.3006,-97.7517,#dbcbd8,1144.0,1638716.0,1
268,Oceanside, CA,#BlueLivesMurder,Fri Jun 19 17:43:14 +0000 2020,33.2247,-117.3083,#dbcbd8,1649.0,176193.0,1
269,California, USA,#DisarmthePolice,Sun Jun 21 05:23:37 +0000 2020,36.924938936877076,-120.18747089700997,#562c2c,956.9958139534883,39607.22724252492,3
270,Dallas, TX,#DisarmthePolice,Sun Jun 21 04:41:45 +0000 2020,32.7936,-96.7662,#562c2c,1524.0,5733259.0,1
272,New York, NY,#DisarmthePolice,Sun Jun 21 01:55:03 +0000 2020,40.6943,-73.9249,#562c2c,11083.0,19354922.0,1
273,Doniphan, Nebraska,#DisarmthePolice,Sat Jun 20 22:35:55 +0000 2020,40.7742,-98.3708,#562c2c,641.0,844.0,1
274,Drexel Hill, PA,#DisarmthePolice,Sat Jun 20 22:30:37 +0000 2020,39.9495,-75.3039,#562c2c,3412.0,28246.0,1
275,Union City, NJ,#DisarmthePolice,Sat Jun 20 22:17:29 +0000 2020,40.7674,-74.0323,#562c2c,21116.0,70387.0,1
276,Connecticut, USA,#DisarmthePolice,Sat Jun 20 21:03:47 +0000 2020,41.55448839285714,-72.6807919642857,#562c2c,749.8392857142857,36364.169642857145,1
277,California, USA,#DisarmthePolice,Sat Jun 20 20:21:58 +0000 2020,36.924938936877076,-120.18747089700997,#562c2c,956.9958139534883,39607.22724252492,3
280,Seattle, WA,#DisarmthePolice,Sat Jun 20 06:50:15 +0000 2020,47.6211,-122.3244,#562c2c,3336.0,3643765.0,1
281,Portland, OR,#DisarmthePolice,Sat Jun 20 04:49:10 +0000 2020,45.5371,-122.65,#562c2c,1874.0,2052796.0,1
283,Richmond, VA,#DisarmthePolice,Sat Jun 20 02:19:58 +0000 2020,37.5295,-77.4756,#562c2c,1463.0,1059907.0,1
284,Virginia Beach, VA,#DisarmthePolice,Sat Jun 20 01:55:40 +0000 2020,36.7335,-76.0435,#562c2c,710.0,1480383.0,1
285,California, USA,#DisarmthePolice,Sat Jun 20 01:41:15 +0000 2020,36.924938936877076,-120.18747089700997,#562c2c,956.9958139534883,39607.22724252492,3
286,Los Angeles, CA,#DisarmthePolice,Sat Jun 20 01:15:10 +0000 2020,34.1139,-118.4068,#562c2c,3295.0,12815475.0,1
287,Houston, TX,#DisarmthePolice,Fri Jun 19 23:29:35 +0000 2020,29.7869,-95.3905,#562c2c,1401.0,5446468.0,1
290,Oregon, USA,#DisarmthePolice,Fri Jun 19 18:40:05 +0000 2020,44.56224297082228,-122.01842334217507,#562c2c,621.6392572944297,13825.602122015915,1
291,Austin, TX,#DisarmthePolice,Fri Jun 19 17:40:54 +0000 2020,30.3006,-97.7517,#562c2c,1144.0,1638716.0,1
292,Everett, Washington,#DisarmthePolice,Fri Jun 19 16:07:14 +0000 2020,47.9524,-122.167,#562c2c,1278.0,110079.0,1
293,Arkansas, USA,#DisarmthePolice,Fri Jun 19 14:15:26 +0000 2020,35.07553649906891,-92.35809255121043,#562c2c,199.72625698324023,4858.420856610801,1
296,Fort Collins, CO,#DisarmthePolice,Fri Jun 19 06:31:13 +0000 2020,40.5475,-105.0651,#562c2c,1124.0,303184.0,1
297,Des Moines, Iowa,#DisarmthePolice,Fri Jun 19 06:19:36 +0000 2020,41.5725,-93.6105,#562c2c,952.0,481222.0,1
298,Parkland, WA,#DisarmthePolice,Fri Jun 19 05:39:44 +0000 2020,47.1417,-122.4376,#562c2c,1653.0,37019.0,1
299,Belton, MO,#DisarmthePolice,Fri Jun 19 04:24:57 +0000 2020,38.8193,-94.5334,#562c2c,641.0,23480.0,1
300,Massachusetts, USA,#DisarmthePolice,Fri Jun 19 02:51:08 +0000 2020,42.08924751773049,-71.18091205673758,#562c2c,1008.886524822695,63636.99290780142,1
301,New York, USA,BlackLivesMatter,Sat Jun 20 15:40:21 +0000 2020,42.11192215013902,-75.02628554216868,#f2542d,970.2613531047266,35076.80815569972,3
302,Midland, TX,BlackLivesMatter,Sun Jun 21 12:13:55 +0000 2020,32.0249,-102.1137,#f2542d,706.0,144247.0,1
307,New York, NY,BlackLivesMatter,Sun Jun 21 12:13:47 +0000 2020,40.6943,-73.9249,#f2542d,11083.0,19354922.0,3
308,Virginia, USA,BlackLivesMatter,Sun Jun 21 12:13:45 +0000 2020,37.7647656996587,-78.37606126279863,#f2542d,544.5238907849829,13988.131399317406,1
312,Texas, USA,BlackLivesMatter,Sun Jun 21 12:13:42 +0000 2020,30.65436949941793,-97.80444208381839,#f2542d,467.07974388824215,19220.278230500582,2
313,Rochester,NY,BlackLivesMatter,Sun Jun 21 12:13:40 +0000 2020,43.168,-77.6162,#f2542d,2245.0,711998.0,1
316,Denver, CO,BlackLivesMatter,Sun Jun 21 12:13:39 +0000 2020,39.7621,-104.8759,#f2542d,1774.0,2787266.0,1
320,Texas, USA,BlackLivesMatter,Sun Jun 21 12:13:33 +0000 2020,30.65436949941793,-97.80444208381839,#f2542d,467.07974388824215,19220.278230500582,2
321,Mount Pleasant, MI,BlackLivesMatter,Sun Jun 21 12:13:32 +0000 2020,43.5966,-84.7759,#f2542d,1292.0,37206.0,1
323,Florida, USA,BlackLivesMatter,Sun Jun 21 12:13:28 +0000 2020,28.1400878021978,-82.12263065934067,#f2542d,927.0826373626373,33241.92747252747,1
324,Georgia, USA,BlackLivesMatter,Sun Jun 21 12:13:28 +0000 2020,32.96564403225806,-83.57147564516129,#f2542d,315.7548387096774,17340.274193548386,1
325,Ohio, USA,BlackLivesMatter,Sun Jun 21 12:13:28 +0000 2020,40.35181636212625,-82.80448712624585,#f2542d,549.1569767441861,11432.45265780731,1
328,New York, NY,BlackLivesMatter,Sun Jun 21 12:13:26 +0000 2020,40.6943,-73.9249,#f2542d,11083.0,19354922.0,3
329,South Dakota, USA,#WhiteLivesMatter,Sun Jun 21 12:12:30 +0000 2020,44.280620408163266,-98.94644770408163,#e6194B,235.93112244897958,1732.0229591836735,1
334,Athens, GA,#WhiteLivesMatter,Sun Jun 21 12:10:35 +0000 2020,33.9508,-83.3689,#e6194B,417.0,140169.0,1
338,Bluffton, IN,#WhiteLivesMatter,Sun Jun 21 12:09:47 +0000 2020,40.7426,-85.173,#e6194B,470.0,10085.0,1
350,Illinois, USA,#WhiteLivesMatter,Sun Jun 21 11:58:16 +0000 2020,40.335685557184746,-89.03020461876832,#e6194B,554.2741935483871,13391.538856304986,1
351,Ohio, USA,#WhiteLivesMatter,Sun Jun 21 11:55:43 +0000 2020,40.35181636212625,-82.80448712624585,#e6194B,549.1569767441861,11432.45265780731,1
355,Pennsylvania, USA,#redpill,Sun Jun 21 12:11:41 +0000 2020,40.62121128472223,-77.63372887731481,#3cb44b,782.3564814814815,9051.620949074075,1
356,New York, USA,#redpill,Sun Jun 21 12:11:32 +0000 2020,42.11192215013902,-75.02628554216868,#3cb44b,970.2613531047266,35076.80815569972,1
357,Pigeon Forge, TN,#redpill,Sun Jun 21 12:09:20 +0000 2020,35.7977,-83.5623,#3cb44b,180.0,6238.0,1
358,South Carolina, USA,#redpill,Sun Jun 21 12:08:25 +0000 2020,34.02741446700507,-81.11013807106599,#3cb44b,310.6446700507614,11497.964467005077,2
363,South Carolina, USA,#redpill,Sun Jun 21 12:01:23 +0000 2020,34.02741446700507,-81.11013807106599,#3cb44b,310.6446700507614,11497.964467005077,2
366,Indiana, USA,#redpill,Sun Jun 21 11:55:03 +0000 2020,39.980345575221236,-86.28141401179941,#3cb44b,507.0575221238938,9087.176991150442,1
367,Los Angeles, CA,#redpill,Sun Jun 21 11:54:34 +0000 2020,34.1139,-118.4068,#3cb44b,3295.0,12815475.0,1
368,Chicago, IL,#redpill,Sun Jun 21 11:53:31 +0000 2020,41.8373,-87.6862,#3cb44b,4612.0,8675982.0,1
369,Massachusetts, USA,#redpill,Sun Jun 21 11:51:45 +0000 2020,42.08924751773049,-71.18091205673758,#3cb44b,1008.886524822695,63636.99290780142,1
371,Tonawanda, NY,#redpill,Sun Jun 21 11:50:40 +0000 2020,43.0105,-78.8805,#3cb44b,1513.0,14904.0,1
373,Ohio, USA,#redpill,Sun Jun 21 11:48:58 +0000 2020,40.35181636212625,-82.80448712624585,#3cb44b,549.1569767441861,11432.45265780731,1
375,Florida, USA,#redpill,Sun Jun 21 11:46:59 +0000 2020,28.1400878021978,-82.12263065934067,#3cb44b,927.0826373626373,33241.92747252747,1
376,North Carolina, USA/ Seoul,#redpill,Sun Jun 21 11:46:12 +0000 2020,35.439809510869566,-79.32081358695652,#3cb44b,296.32065217391306,12504.385869565218,1
377,Kentucky, USA,#redpill,Sun Jun 21 11:42:50 +0000 2020,37.77555102420857,-85.40921098696461,#3cb44b,543.3631284916202,6122.7597765363125,1
379,Texas, USA,#redpill,Sun Jun 21 11:37:11 +0000 2020,30.65436949941793,-97.80444208381839,#3cb44b,467.07974388824215,19220.278230500582,1
380,Georgia, USA,#redpill,Sun Jun 21 11:36:57 +0000 2020,32.96564403225806,-83.57147564516129,#3cb44b,315.7548387096774,17340.274193548386,1
381,Denison, TX,#redpill,Sun Jun 21 11:36:49 +0000 2020,33.7672,-96.5807,#3cb44b,329.0,24380.0,1
384,Indiana, USA,AllLivesMatter,Sun Jun 21 12:13:14 +0000 2020,39.980345575221236,-86.28141401179941,#ffe119,507.0575221238938,9087.176991150442,1
385,Georgia, USA,AllLivesMatter,Sun Jun 21 12:12:54 +0000 2020,32.96564403225806,-83.57147564516129,#ffe119,315.7548387096774,17340.274193548386,1
388,Chicago, IL,AllLivesMatter,Sun Jun 21 12:11:27 +0000 2020,41.8373,-87.6862,#ffe119,4612.0,8675982.0,1
389,Michigan, USA,AllLivesMatter,Sun Jun 21 12:10:56 +0000 2020,43.47372115942029,-84.86635913043477,#ffe119,503.21159420289854,15115.937681159421,1
393,Atlanta, GA,AllLivesMatter,Sun Jun 21 12:09:30 +0000 2020,33.7627,-84.4225,#ffe119,1384.0,5228750.0,1
395,West Virginia, USA,AllLivesMatter,Sun Jun 21 12:09:07 +0000 2020,38.60089108910891,-80.84658366336635,#ffe119,363.8737623762376,3405.658415841584,1
397,Texas, USA,AllLivesMatter,Sun Jun 21 12:08:05 +0000 2020,30.65436949941793,-97.80444208381839,#ffe119,467.07974388824215,19220.278230500582,2
398,Texas, USA,AllLivesMatter,Sun Jun 21 12:08:05 +0000 2020,30.65436949941793,-97.80444208381839,#ffe119,467.07974388824215,19220.278230500582,2
399,Owings, MD,AllLivesMatter,Sun Jun 21 12:07:46 +0000 2020,38.7117,-76.6055,#ffe119,258.0,2634.0,1
400,Cleveland, OH,AllLivesMatter,Sun Jun 21 12:06:39 +0000 2020,41.4767,-81.6805,#ffe119,1915.0,1730363.0,1
406,Madison, NJ,#COVID19,Sun Jun 21 12:13:56 +0000 2020,40.7586,-74.417,#4363d8,1435.0,16033.0,1
407,Kings Mountain, NC,#COVID19,Sun Jun 21 12:13:55 +0000 2020,35.2348,-81.3501,#4363d8,310.0,10791.0,1
415,New York, USA,#COVID19,Sun Jun 21 12:13:49 +0000 2020,42.11192215013902,-75.02628554216868,#4363d8,970.2613531047266,35076.80815569972,1
420,San Francisco, CA,#COVID19,Sun Jun 21 12:13:45 +0000 2020,37.7562,-122.443,#4363d8,7286.0,3603761.0,1
424,Houston, TX,#COVID19,Sun Jun 21 12:13:43 +0000 2020,29.7869,-95.3905,#4363d8,1401.0,5446468.0,1
427,Worcester, MA,#COVID19,Sun Jun 21 12:13:38 +0000 2020,42.2705,-71.8079,#4363d8,1918.0,498997.0,1
431,Cedar Park, TX,#masculinity,Sun Jun 21 12:12:12 +0000 2020,30.5105,-97.8197,#f58231,1153.0,75704.0,1
458,New York, USA,#masculinity,Sun Jun 21 03:04:50 +0000 2020,42.11192215013902,-75.02628554216868,#f58231,970.2613531047266,35076.80815569972,2
459,Austin, TX,#masculinity,Sun Jun 21 01:00:52 +0000 2020,30.3006,-97.7517,#f58231,1144.0,1638716.0,1
460,Pennsylvania, USA,#masculinity,Sat Jun 20 22:01:57 +0000 2020,40.62121128472223,-77.63372887731481,#f58231,782.3564814814815,9051.620949074075,1
464,New York, USA,#masculinity,Sat Jun 20 17:36:57 +0000 2020,42.11192215013902,-75.02628554216868,#f58231,970.2613531047266,35076.80815569972,2
465,New Orleans, LA,#masculinity,Sat Jun 20 17:30:00 +0000 2020,30.0687,-89.9288,#f58231,896.0,1029123.0,1
467,Chicago, IL,#masculinity,Sat Jun 20 13:50:56 +0000 2020,41.8373,-87.6862,#f58231,4612.0,8675982.0,1
468,San Diego, California,#masculinity,Sat Jun 20 13:32:41 +0000 2020,32.8312,-117.1225,#f58231,1683.0,3210314.0,1
469,Manhattan, NY,#masculinity,Sat Jun 20 13:27:38 +0000 2020,40.7834,-73.9662,#f58231,27799.0,1643734.0,1
470,Lafayette, CO,#Republican,Sun Jun 21 12:11:53 +0000 2020,39.9949,-105.0997,#911eb4,1160.0,91985.0,1
471,Texas, USA,#Republican,Sun Jun 21 12:09:04 +0000 2020,30.65436949941793,-97.80444208381839,#911eb4,467.07974388824215,19220.278230500582,1
473,Acworth, Georgia,#Republican,Sun Jun 21 12:05:55 +0000 2020,34.0565,-84.6709,#911eb4,989.0,22698.0,1
474,Indiana, USA,#Republican,Sun Jun 21 11:58:43 +0000 2020,39.980345575221236,-86.28141401179941,#911eb4,507.0575221238938,9087.176991150442,1
476,Florida, USA,#Republican,Sun Jun 21 11:40:15 +0000 2020,28.1400878021978,-82.12263065934067,#911eb4,927.0826373626373,33241.92747252747,1
477,Asheville, NC,#Republican,Sun Jun 21 11:35:34 +0000 2020,35.5704,-82.5537,#911eb4,778.0,309250.0,1
479,Windber, PA,#Republican,Sun Jun 21 11:31:01 +0000 2020,40.2355,-78.8247,#911eb4,761.0,3902.0,1
480,Yonkers, NY,#Republican,Sun Jun 21 11:25:41 +0000 2020,40.9466,-73.8674,#911eb4,4330.0,202019.0,1
482,Manhattan, NY,#Republican,Sun Jun 21 11:25:00 +0000 2020,40.7834,-73.9662,#911eb4,27799.0,1643734.0,1
484,South Carolina, USA,#Republican,Sun Jun 21 11:09:21 +0000 2020,34.02741446700507,-81.11013807106599,#911eb4,310.6446700507614,11497.964467005077,1
485,Philadelphia, MS,#Republican,Sun Jun 21 10:51:19 +0000 2020,32.7761,-89.1221,#911eb4,229.0,7545.0,1
487,New York, NY,#Republican,Sun Jun 21 10:35:46 +0000 2020,40.6943,-73.9249,#911eb4,11083.0,19354922.0,1
488,Birmingham, AL,#Republican,Sun Jun 21 10:29:06 +0000 2020,33.5277,-86.7987,#911eb4,556.0,744189.0,1
489,Massachusetts, USA,#Republican,Sun Jun 21 10:28:56 +0000 2020,42.08924751773049,-71.18091205673758,#911eb4,1008.886524822695,63636.99290780142,1
490,Provo, Utah,#Republican,Sun Jun 21 10:22:58 +0000 2020,40.2457,-111.6457,#911eb4,1087.0,503695.0,1
493,Ohio, USA,#Republican,Sun Jun 21 09:47:03 +0000 2020,40.35181636212625,-82.80448712624585,#911eb4,549.1569767441861,11432.45265780731,1
494,Chicago, IL,#Republican,Sun Jun 21 09:41:42 +0000 2020,41.8373,-87.6862,#911eb4,4612.0,8675982.0,1
497,New Jersey, USA 🇺🇸,#Democrat,Wed Jun 17 19:16:24 +0000 2020,40.32016673040153,-74.52402217973231,#42d4f4,1469.2390057361376,10892.99808795411,2
498,Ohio, USA,#Democrat,Sun Jun 21 12:12:37 +0000 2020,40.35181636212625,-82.80448712624585,#42d4f4,549.1569767441861,11432.45265780731,1
500,New York, NY USA,#Democrat,Sun Jun 21 12:08:48 +0000 2020,42.11192215013902,-75.02628554216868,#42d4f4,970.2613531047266,35076.80815569972,1
502,North Carolina, USA,#Democrat,Sun Jun 21 12:05:15 +0000 2020,35.439809510869566,-79.32081358695652,#42d4f4,296.32065217391306,12504.385869565218,2
503,Cape Girardeau, MO,#Democrat,Sun Jun 21 12:04:00 +0000 2020,37.3108,-89.5596,#42d4f4,521.0,54588.0,1
504,Maryland, USA,#Democrat,Sun Jun 21 12:03:27 +0000 2020,39.096691245136185,-76.99463501945526,#42d4f4,843.964980544747,13387.101167315175,1
505,Paradise, NV,#Democrat,Sun Jun 21 12:03:04 +0000 2020,36.0807,-115.1369,#42d4f4,1915.0,231858.0,1
506,Fountain Hills, Arizona,#Democrat,Sun Jun 21 12:01:57 +0000 2020,33.6073,-111.7398,#42d4f4,468.0,24583.0,1
508,South Carolina, USA,#Democrat,Sun Jun 21 11:59:11 +0000 2020,34.02741446700507,-81.11013807106599,#42d4f4,310.6446700507614,11497.964467005077,1
509,New Jersey, USA,#Democrat,Sun Jun 21 11:58:06 +0000 2020,40.32016673040153,-74.52402217973231,#42d4f4,1469.2390057361376,10892.99808795411,2
510,Michigan, USA,#Democrat,Sun Jun 21 11:55:05 +0000 2020,43.47372115942029,-84.86635913043477,#42d4f4,503.21159420289854,15115.937681159421,1
511,Texas, USA #BackTheBlue,#Democrat,Sun Jun 21 11:54:54 +0000 2020,30.65436949941793,-97.80444208381839,#42d4f4,467.07974388824215,19220.278230500582,2
512,Nebraska, USA,#Democrat,Sun Jun 21 11:53:04 +0000 2020,41.21501586206897,-98.35381551724139,#42d4f4,349.52758620689656,3250.1224137931035,1
513,North Carolina, USA,#Democrat,Sun Jun 21 11:51:15 +0000 2020,35.439809510869566,-79.32081358695652,#42d4f4,296.32065217391306,12504.385869565218,2
517,Bradford, PA,#Democrat,Sun Jun 21 11:37:34 +0000 2020,41.9604,-78.6413,#42d4f4,957.0,11442.0,1
518,Pennsylvania, USA,#Democrat,Sun Jun 21 11:37:03 +0000 2020,40.62121128472223,-77.63372887731481,#42d4f4,782.3564814814815,9051.620949074075,1
519,Los Angeles, CA,#Democrat,Sun Jun 21 11:35:27 +0000 2020,34.1139,-118.4068,#42d4f4,3295.0,12815475.0,1
521,Middletown, NY,#Democrat,Sun Jun 21 11:33:10 +0000 2020,41.4458,-74.4228,#42d4f4,2121.0,57973.0,1
522,Illinois, USA,#Democrat,Sun Jun 21 11:31:24 +0000 2020,40.335685557184746,-89.03020461876832,#42d4f4,554.2741935483871,13391.538856304986,1
523,Atlanta, GA,#Democrat,Sun Jun 21 11:29:49 +0000 2020,33.7627,-84.4225,#42d4f4,1384.0,5228750.0,1
524,Columbus, OH,#Democrat,Sun Jun 21 11:22:29 +0000 2020,39.986,-82.9851,#42d4f4,1551.0,1528314.0,1
525,Kentucky, USAhttps:,#Democrat,Sun Jun 21 11:21:41 +0000 2020,37.77555102420857,-85.40921098696461,#42d4f4,543.3631284916202,6122.7597765363125,1
526,Ormond Beach, FL,#Democrat,Sun Jun 21 11:14:52 +0000 2020,29.296,-81.1003,#42d4f4,499.0,42816.0,1
527,Fort Lauderdale, FL,#Democrat,Sun Jun 21 11:14:30 +0000 2020,26.1412,-80.1464,#42d4f4,2010.0,180072.0,1
528,Texas, USA,#Democrat,Sun Jun 21 11:09:20 +0000 2020,30.65436949941793,-97.80444208381839,#42d4f4,467.07974388824215,19220.278230500582,2
529,Washington, DC,#TulsaTrumpRally,Sun Jun 21 02:22:12 +0000 2020,38.9047,-77.0163,#f032e6,4382.0,5289420.0,1
530,North Carolina, USA,#TulsaTrumpRally,Sun Jun 21 12:14:00 +0000 2020,35.439809510869566,-79.32081358695652,#f032e6,296.32065217391306,12504.385869565218,1
531,Texas, USA,#TulsaTrumpRally,Sun Jun 21 12:14:00 +0000 2020,30.65436949941793,-97.80444208381839,#f032e6,467.07974388824215,19220.278230500582,2
532,Rehoboth Beach, Delaware,#TulsaTrumpRally,Sun Jun 21 12:13:58 +0000 2020,38.7168,-75.0843,#f032e6,491.0,1496.0,1
533,Boston, MA,#TulsaTrumpRally,Sun Jun 21 12:13:57 +0000 2020,42.3188,-71.0846,#f032e6,5472.0,4637537.0,1
534,Kentucky, USA,#TulsaTrumpRally,Sun Jun 21 12:13:54 +0000 2020,37.77555102420857,-85.40921098696461,#f032e6,543.3631284916202,6122.7597765363125,1
535,Wisconsin, USA,#TulsaTrumpRally,Sun Jun 21 12:13:53 +0000 2020,44.158926070038916,-89.66840869001297,#f032e6,323.35927367055774,7699.124513618677,2
536,Massachusetts, USA,#TulsaTrumpRally,Sun Jun 21 12:13:51 +0000 2020,42.08924751773049,-71.18091205673758,#f032e6,1008.886524822695,63636.99290780142,1
539,Chicago, IL,#TulsaTrumpRally,Sun Jun 21 12:13:49 +0000 2020,41.8373,-87.6862,#f032e6,4612.0,8675982.0,1
540,Ohio, USA,#TulsaTrumpRally,Sun Jun 21 12:13:47 +0000 2020,40.35181636212625,-82.80448712624585,#f032e6,549.1569767441861,11432.45265780731,3
541,New York, USA,#TulsaTrumpRally,Sun Jun 21 12:13:46 +0000 2020,42.11192215013902,-75.02628554216868,#f032e6,970.2613531047266,35076.80815569972,2
542,Alabama, USA,#TulsaTrumpRally,Sun Jun 21 12:13:45 +0000 2020,32.94153133561644,-86.74674229452056,#f032e6,145.04965753424656,7362.020547945205,1
543,Wisconsin, USA,#TulsaTrumpRally,Sun Jun 21 12:13:44 +0000 2020,44.158926070038916,-89.66840869001297,#f032e6,323.35927367055774,7699.124513618677,2
544,Iowa, USA,#TulsaTrumpRally,Sun Jun 21 12:13:43 +0000 2020,42.05805302879841,-93.38755978152929,#f032e6,286.4915590863952,3145.91956305859,2
546,Pleasanton, CA,#TulsaTrumpRally,Sun Jun 21 12:13:40 +0000 2020,37.6663,-121.8805,#f032e6,1327.0,83007.0,1
547,Charlottesville, VA,#TulsaTrumpRally,Sun Jun 21 12:13:39 +0000 2020,38.0375,-78.4855,#f032e6,1809.0,102016.0,1
548,Houston, TX,#TulsaTrumpRally,Sun Jun 21 12:13:38 +0000 2020,29.7869,-95.3905,#f032e6,1401.0,5446468.0,1
549,Hart, MI,#TulsaTrumpRally,Sun Jun 21 12:13:37 +0000 2020,43.6972,-86.3639,#f032e6,579.0,2529.0,1
552,Pennsylvania, USA,#TulsaTrumpRally,Sun Jun 21 12:13:34 +0000 2020,40.62121128472223,-77.63372887731481,#f032e6,782.3564814814815,9051.620949074075,1
554,Ohio, USA,#TulsaTrumpRally,Sun Jun 21 12:13:33 +0000 2020,40.35181636212625,-82.80448712624585,#f032e6,549.1569767441861,11432.45265780731,3
555,Ohio, USA,#TulsaTrumpRally,Sun Jun 21 12:13:32 +0000 2020,40.35181636212625,-82.80448712624585,#f032e6,549.1569767441861,11432.45265780731,3
558,Texas, USA,#TulsaTrumpRally,Sun Jun 21 12:13:30 +0000 2020,30.65436949941793,-97.80444208381839,#f032e6,467.07974388824215,19220.278230500582,2
559,Warner Robins, Georgia,#TulsaTrumpRally,Sun Jun 21 12:13:30 +0000 2020,32.5975,-83.6526,#f032e6,792.0,149617.0,1
560,Iowa, USA,#TulsaTrumpRally,Sun Jun 21 12:13:29 +0000 2020,42.05805302879841,-93.38755978152929,#f032e6,286.4915590863952,3145.91956305859,2
564,New York, NY,#TulsaTrumpRally,Sun Jun 21 12:13:28 +0000 2020,40.6943,-73.9249,#f032e6,11083.0,19354922.0,2
569,Dallas, TX,#policereforms,Fri Jun 19 19:06:43 +0000 2020,32.7936,-96.7662,#bfef45,1524.0,5733259.0,1
570,Texas, USA,#policereforms,Fri Jun 19 19:00:46 +0000 2020,30.65436949941793,-97.80444208381839,#bfef45,467.07974388824215,19220.278230500582,2
571,Virginia, USA,#policereforms,Fri Jun 19 17:38:43 +0000 2020,37.7647656996587,-78.37606126279863,#bfef45,544.5238907849829,13988.131399317406,1
572,Fate, TX,#policereforms,Fri Jun 19 15:32:29 +0000 2020,32.9432,-96.3863,#bfef45,400.0,12090.0,1
573,Salisbury, MD,#policereforms,Fri Jun 19 15:17:35 +0000 2020,38.3755,-75.5867,#bfef45,924.0,106034.0,1
574,Houston, TX,#policereforms,Fri Jun 19 15:06:58 +0000 2020,29.7869,-95.3905,#bfef45,1401.0,5446468.0,1
576,Atlanta, GA,#policereforms,Fri Jun 19 13:07:04 +0000 2020,33.7627,-84.4225,#bfef45,1384.0,5228750.0,1
578,Brooklyn, NY,#policereforms,Thu Jun 18 19:19:39 +0000 2020,40.6501,-73.9496,#bfef45,14606.0,2629150.0,1
579,New York, NY,#policereforms,Thu Jun 18 18:48:12 +0000 2020,40.6943,-73.9249,#bfef45,11083.0,19354922.0,2
580,Portland, OR,#policereforms,Thu Jun 18 16:35:20 +0000 2020,45.5371,-122.65,#bfef45,1874.0,2052796.0,1
581,New York, NY,#policereforms,Thu Jun 18 15:46:19 +0000 2020,40.6943,-73.9249,#bfef45,11083.0,19354922.0,2
582,Austin, Texas,#policereforms,Thu Jun 18 15:11:03 +0000 2020,30.3006,-97.7517,#bfef45,1144.0,1638716.0,1
586,DC, NJ,#policereforms,Thu Jun 18 13:24:01 +0000 2020,38.9047,-77.0163,#bfef45,4382.0,5289420.0,1
588,Kentucky, USA,#policereforms,Thu Jun 18 12:37:41 +0000 2020,37.77555102420857,-85.40921098696461,#bfef45,543.3631284916202,6122.7597765363125,1
589,Auburn, AL,#policereforms,Thu Jun 18 12:18:03 +0000 2020,32.6087,-85.4899,#bfef45,410.0,89577.0,1
590,New Jersey, USA,#policereforms,Thu Jun 18 10:35:01 +0000 2020,40.32016673040153,-74.52402217973231,#bfef45,1469.2390057361376,10892.99808795411,1
592,Salem, OR,#policereforms,Thu Jun 18 08:37:20 +0000 2020,44.9232,-123.0245,#bfef45,1347.0,259816.0,1
593,Texas, USA,#policereforms,Thu Jun 18 07:52:46 +0000 2020,30.65436949941793,-97.80444208381839,#bfef45,467.07974388824215,19220.278230500582,2
595,Massachusetts, USA,#policereforms,Thu Jun 18 06:24:58 +0000 2020,42.08924751773049,-71.18091205673758,#bfef45,1008.886524822695,63636.99290780142,1
596,Alabama, USA,#policereforms,Thu Jun 18 05:47:54 +0000 2020,32.94153133561644,-86.74674229452056,#bfef45,145.04965753424656,7362.020547945205,1
597,Florida, USA,#policereforms,Thu Jun 18 05:26:56 +0000 2020,28.1400878021978,-82.12263065934067,#bfef45,927.0826373626373,33241.92747252747,1
598,Michigan, USA,#policereforms,Thu Jun 18 04:42:37 +0000 2020,43.47372115942029,-84.86635913043477,#bfef45,503.21159420289854,15115.937681159421,1
599,Maryland, USA,#policereforms,Thu Jun 18 04:40:16 +0000 2020,39.096691245136185,-76.99463501945526,#bfef45,843.964980544747,13387.101167315175,1
600,Milwaukee, WI,#blackconservative,Sun Jun 21 05:52:54 +0000 2020,43.0642,-87.9673,#fabed4,2389.0,1377808.0,1
601,Orlando, FL,#blackconservative,Sun Jun 21 04:03:43 +0000 2020,28.4772,-81.3369,#fabed4,982.0,1776841.0,1
602,Texas, USA,#blackconservative,Sun Jun 21 03:57:57 +0000 2020,30.65436949941793,-97.80444208381839,#fabed4,467.07974388824215,19220.278230500582,5
603,Los Angeles, CA ,#blackconservative,Sun Jun 21 00:44:14 +0000 2020,34.1139,-118.4068,#fabed4,3295.0,12815475.0,2
604,Texas, USA ,#blackconservative,Sun Jun 21 00:32:56 +0000 2020,30.65436949941793,-97.80444208381839,#fabed4,467.07974388824215,19220.278230500582,5
605,Texas, USA,#blackconservative,Sat Jun 20 20:54:44 +0000 2020,30.65436949941793,-97.80444208381839,#fabed4,467.07974388824215,19220.278230500582,5
606,Pittsburgh, PA,#blackconservative,Sat Jun 20 19:26:19 +0000 2020,40.4396,-79.9763,#fabed4,2108.0,1715297.0,1
607,Oklahoma City, OK,#blackconservative,Sat Jun 20 15:39:06 +0000 2020,35.4676,-97.5137,#fabed4,409.0,955998.0,1
608,Texas, USA,#blackconservative,Sat Jun 20 13:06:19 +0000 2020,30.65436949941793,-97.80444208381839,#fabed4,467.07974388824215,19220.278230500582,5
609,North Carolina, USA,#blackconservative,Sat Jun 20 09:48:44 +0000 2020,35.439809510869566,-79.32081358695652,#fabed4,296.32065217391306,12504.385869565218,1
610,Texas, USA,#blackconservative,Sat Jun 20 06:01:55 +0000 2020,30.65436949941793,-97.80444208381839,#fabed4,467.07974388824215,19220.278230500582,5
612,Los Angeles, CA,#blackconservative,Sat Jun 20 04:57:48 +0000 2020,34.1139,-118.4068,#fabed4,3295.0,12815475.0,2
613,Kentucky, USA,#blackconservative,Sat Jun 20 04:10:25 +0000 2020,37.77555102420857,-85.40921098696461,#fabed4,543.3631284916202,6122.7597765363125,1
614,Florida, USA,#blackconservative,Sat Jun 20 03:58:26 +0000 2020,28.1400878021978,-82.12263065934067,#fabed4,927.0826373626373,33241.92747252747,1
615,Glendale, Arizona,#blackconservative,Sat Jun 20 03:53:42 +0000 2020,33.5797,-112.2258,#fabed4,1601.0,246709.0,1
616,Leland, NC,#blackconservative,Sat Jun 20 03:32:31 +0000 2020,34.204,-78.028,#fabed4,392.0,19976.0,1
617,Dagsboro, DE,#blackconservative,Sat Jun 20 03:21:57 +0000 2020,38.5466,-75.2467,#fabed4,251.0,886.0,1
619,Tennessee, USA,#blackconservative,Sat Jun 20 01:14:51 +0000 2020,35.82854061032864,-86.25442746478873,#fabed4,230.86150234741785,14237.330985915492,1
620,Ohio, USA,#blackconservative,Sat Jun 20 00:34:13 +0000 2020,40.35181636212625,-82.80448712624585,#fabed4,549.1569767441861,11432.45265780731,1
621,Fort Lauderdale, FL,#blackconservative,Sat Jun 20 00:11:14 +0000 2020,26.1412,-80.1464,#fabed4,2010.0,180072.0,1
622,New Jersey, USA,#blackconservative,Sat Jun 20 00:06:59 +0000 2020,40.32016673040153,-74.52402217973231,#fabed4,1469.2390057361376,10892.99808795411,1
623,Mississippi, USA,#blackconservative,Fri Jun 19 23:53:12 +0000 2020,32.897958448753464,-89.6104265927978,#fabed4,238.14681440443212,5752.02216066482,1
624,California, USA,#blackconservative,Fri Jun 19 20:41:11 +0000 2020,36.924938936877076,-120.18747089700997,#fabed4,956.9958139534883,39607.22724252492,1
625,Indiana, USA,#blackconservative,Fri Jun 19 19:36:35 +0000 2020,39.980345575221236,-86.28141401179941,#fabed4,507.0575221238938,9087.176991150442,1
627,Washington, DC,#blackconservative,Fri Jun 19 19:28:33 +0000 2020,38.9047,-77.0163,#fabed4,4382.0,5289420.0,1
628,Midland, TX,#blackconservative,Fri Jun 19 19:25:51 +0000 2020,32.0249,-102.1137,#fabed4,706.0,144247.0,1
630,Portland, Oregon ,#blackconservative,Fri Jun 19 17:47:25 +0000 2020,45.5371,-122.65,#fabed4,1874.0,2052796.0,1
631,New Jersey, USA,#AbortionIsMurder,Sun Jun 21 12:02:14 +0000 2020,40.32016673040153,-74.52402217973231,#469990,1469.2390057361376,10892.99808795411,2
633,Georgia, USA,#AbortionIsMurder,Sun Jun 21 11:18:59 +0000 2020,32.96564403225806,-83.57147564516129,#469990,315.7548387096774,17340.274193548386,1
634,New York, NY,#AbortionIsMurder,Sun Jun 21 11:17:39 +0000 2020,40.6943,-73.9249,#469990,11083.0,19354922.0,2
635,Ohio, USA,#AbortionIsMurder,Sun Jun 21 11:17:02 +0000 2020,40.35181636212625,-82.80448712624585,#469990,549.1569767441861,11432.45265780731,1
639,California, USA,#AbortionIsMurder,Sun Jun 21 09:58:24 +0000 2020,36.924938936877076,-120.18747089700997,#469990,956.9958139534883,39607.22724252492,1
640,Florida, USA,#AbortionIsMurder,Sun Jun 21 09:18:19 +0000 2020,28.1400878021978,-82.12263065934067,#469990,927.0826373626373,33241.92747252747,1
643,Pittsburgh, PA,#AbortionIsMurder,Sun Jun 21 08:26:47 +0000 2020,40.4396,-79.9763,#469990,2108.0,1715297.0,1
644,Rhode Island, USA,#AbortionIsMurder,Sun Jun 21 08:12:31 +0000 2020,41.66150625,-71.572346875,#469990,928.21875,51659.46875,1
645,Portland, ME,#AbortionIsMurder,Sun Jun 21 07:34:15 +0000 2020,43.6773,-70.2715,#469990,1197.0,206023.0,1
646,Branson, Missouri,#AbortionIsMurder,Sun Jun 21 07:31:44 +0000 2020,36.651,-93.2634,#469990,209.0,24682.0,1
649,San Diego, CA,#AbortionIsMurder,Sun Jun 21 06:42:17 +0000 2020,32.8312,-117.1225,#469990,1683.0,3210314.0,1
650,New Jersey, USA,#AbortionIsMurder,Sun Jun 21 06:33:52 +0000 2020,40.32016673040153,-74.52402217973231,#469990,1469.2390057361376,10892.99808795411,2
653,Nevada, USA,#AbortionIsMurder,Sun Jun 21 05:07:18 +0000 2020,38.783906106870226,-117.30850076335878,#469990,249.95419847328245,33847.93893129771,2
654,Oregon, USA,#AbortionIsMurder,Sun Jun 21 04:49:12 +0000 2020,44.56224297082228,-122.01842334217507,#469990,621.6392572944297,13825.602122015915,1
655,Nevada, USA,#AbortionIsMurder,Sun Jun 21 04:38:18 +0000 2020,38.783906106870226,-117.30850076335878,#469990,249.95419847328245,33847.93893129771,2
656,Virginia, USA,#AbortionIsMurder,Sun Jun 21 03:45:02 +0000 2020,37.7647656996587,-78.37606126279863,#469990,544.5238907849829,13988.131399317406,1
658,New York, USA,#AbortionIsMurder,Sun Jun 21 03:35:15 +0000 2020,42.11192215013902,-75.02628554216868,#469990,970.2613531047266,35076.80815569972,2
659,Palm Springs, CA,#AbortionIsMurder,Sun Jun 21 03:35:02 +0000 2020,33.8017,-116.5382,#469990,197.0,48142.0,1
662,Los Angeles, CA,#DreamersAreAmericans,Sat Jun 20 17:37:11 +0000 2020,34.1139,-118.4068,#dcbeff,3295.0,12815475.0,3
663,Boston, MA,#DreamersAreAmericans,Sat Jun 20 13:57:24 +0000 2020,42.3188,-71.0846,#dcbeff,5472.0,4637537.0,1
664,Florida, USA,#DreamersAreAmericans,Sat Jun 20 10:52:52 +0000 2020,28.1400878021978,-82.12263065934067,#dcbeff,927.0826373626373,33241.92747252747,1
665,Reno, NV,#DreamersAreAmericans,Sat Jun 20 08:31:20 +0000 2020,39.5497,-119.8483,#dcbeff,884.0,433271.0,1
666,San Antonio, TX,#DreamersAreAmericans,Sat Jun 20 07:52:16 +0000 2020,29.4658,-98.5254,#dcbeff,1204.0,2002530.0,1
668,Salt Lake City, UT,#DreamersAreAmericans,Sat Jun 20 05:11:42 +0000 2020,40.7774,-111.93,#dcbeff,696.0,1098400.0,1
669,Greeley, Colorado,#DreamersAreAmericans,Sat Jun 20 05:08:39 +0000 2020,40.4151,-104.7705,#dcbeff,833.0,133750.0,1
670,Dalton, Georgia,#DreamersAreAmericans,Sat Jun 20 04:54:44 +0000 2020,34.7691,-84.9712,#dcbeff,634.0,86841.0,1
671,West Hollywood, CA,#DreamersAreAmericans,Sat Jun 20 01:56:55 +0000 2020,34.0883,-118.3719,#dcbeff,7584.0,37080.0,1
672,Nevada, USA,#DreamersAreAmericans,Sat Jun 20 01:04:25 +0000 2020,38.783906106870226,-117.30850076335878,#dcbeff,249.95419847328245,33847.93893129771,1
674,Cambridge, MA,#DreamersAreAmericans,Fri Jun 19 23:56:14 +0000 2020,42.3759,-71.1185,#dcbeff,6862.0,113630.0,1
675,Connecticut, USA,#DreamersAreAmericans,Fri Jun 19 23:05:06 +0000 2020,41.55448839285714,-72.6807919642857,#dcbeff,749.8392857142857,36364.169642857145,2
676,Minneapolis, MN,#DreamersAreAmericans,Fri Jun 19 23:02:46 +0000 2020,44.9635,-93.2678,#dcbeff,3019.0,2926757.0,1
677,Michigan, USA,#DreamersAreAmericans,Fri Jun 19 22:55:57 +0000 2020,43.47372115942029,-84.86635913043477,#dcbeff,503.21159420289854,15115.937681159421,1
678,Chicago, IL,#DreamersAreAmericans,Fri Jun 19 22:43:13 +0000 2020,41.8373,-87.6862,#dcbeff,4612.0,8675982.0,1
679,Los Angeles, CA,#DreamersAreAmericans,Fri Jun 19 22:40:57 +0000 2020,34.1139,-118.4068,#dcbeff,3295.0,12815475.0,3
681,Connecticut, USA,#DreamersAreAmericans,Fri Jun 19 22:35:37 +0000 2020,41.55448839285714,-72.6807919642857,#dcbeff,749.8392857142857,36364.169642857145,2
682,California, USA 🇵🇷🇲🇽,#DreamersAreAmericans,Fri Jun 19 21:50:24 +0000 2020,36.924938936877076,-120.18747089700997,#dcbeff,956.9958139534883,39607.22724252492,1
683,Long Beach, CA,#DreamersAreAmericans,Fri Jun 19 20:52:29 +0000 2020,33.798,-118.1675,#dcbeff,3575.0,469450.0,2
684,Metairie, LA,#DreamersAreAmericans,Fri Jun 19 20:40:39 +0000 2020,29.9976,-90.1781,#dcbeff,2407.0,144822.0,1
686,Grapevine, Texas,#DreamersAreAmericans,Fri Jun 19 19:34:41 +0000 2020,32.9343,-97.0744,#dcbeff,651.0,53982.0,1
690,Los Angeles, CA,#DreamersAreAmericans,Fri Jun 19 18:34:58 +0000 2020,34.1139,-118.4068,#dcbeff,3295.0,12815475.0,3
691,Wooster, OH,#DreamersAreAmericans,Fri Jun 19 18:09:19 +0000 2020,40.8166,-81.9334,#dcbeff,611.0,31011.0,3
692,Wooster, OH,#DreamersAreAmericans,Fri Jun 19 17:53:27 +0000 2020,40.8166,-81.9334,#dcbeff,611.0,31011.0,3
693,Texas, USA,#DreamersAreAmericans,Fri Jun 19 17:49:35 +0000 2020,30.65436949941793,-97.80444208381839,#dcbeff,467.07974388824215,19220.278230500582,1
694,Wooster, OH,#DreamersAreAmericans,Fri Jun 19 17:45:12 +0000 2020,40.8166,-81.9334,#dcbeff,611.0,31011.0,3
696,Houston, Texas,#DreamersAreAmericans,Fri Jun 19 17:41:10 +0000 2020,29.7869,-95.3905,#dcbeff,1401.0,5446468.0,2
697,Wisconsin, USA,#DreamersAreAmericans,Fri Jun 19 17:26:18 +0000 2020,44.158926070038916,-89.66840869001297,#dcbeff,323.35927367055774,7699.124513618677,1
698,Houston, TX,#DreamersAreAmericans,Fri Jun 19 17:07:59 +0000 2020,29.7869,-95.3905,#dcbeff,1401.0,5446468.0,2
699,Greenwood, SC,#DreamersAreAmericans,Fri Jun 19 17:06:17 +0000 2020,34.1945,-82.1542,#dcbeff,550.0,42174.0,1
700,Las Vegas, NV,#DreamersAreAmericans,Fri Jun 19 17:03:48 +0000 2020,36.2333,-115.2654,#dcbeff,1747.0,2073045.0,2
701,Long Beach, CA,#DreamersAreAmericans,Fri Jun 19 17:02:39 +0000 2020,33.798,-118.1675,#dcbeff,3575.0,469450.0,2
702,Tucson, AZ,#DreamersAreAmericans,Fri Jun 19 16:38:19 +0000 2020,32.1545,-110.8782,#dcbeff,868.0,868391.0,1
703,Las Vegas, NV,#DreamersAreAmericans,Fri Jun 19 16:35:58 +0000 2020,36.2333,-115.2654,#dcbeff,1747.0,2073045.0,2
705,Washington, DC,#LGBTQRights,Sat Jun 20 01:39:28 +0000 2020,38.9047,-77.0163,#9A6324,4382.0,5289420.0,2
709,San Francisco, CA,#LGBTQRights,Sun Jun 21 11:33:50 +0000 2020,37.7562,-122.443,#9A6324,7286.0,3603761.0,1
714,Philadelphia, PA,#LGBTQRights,Sun Jun 21 09:04:03 +0000 2020,40.0077,-75.1339,#9A6324,4547.0,5637884.0,1
715,American Fork, UT,#LGBTQRights,Sun Jun 21 07:39:05 +0000 2020,40.3793,-111.7951,#9A6324,1069.0,29527.0,1
716,Sienna Plantation, TX,#LGBTQRights,Sun Jun 21 07:10:26 +0000 2020,29.4834,-95.5065,#9A6324,486.0,16310.0,1
720,Cedar Falls, IA,#LGBTQRights,Sun Jun 21 04:38:39 +0000 2020,42.5195,-92.4534,#9A6324,554.0,41570.0,1
722,Boston, MA,#LGBTQRights,Sun Jun 21 04:20:36 +0000 2020,42.3188,-71.0846,#9A6324,5472.0,4637537.0,1
724,Florida, USA,#LGBTQRights,Sun Jun 21 03:33:32 +0000 2020,28.1400878021978,-82.12263065934067,#9A6324,927.0826373626373,33241.92747252747,1
725,Naples, FL,#LGBTQRights,Sun Jun 21 03:30:57 +0000 2020,26.1505,-81.7936,#9A6324,689.0,21948.0,1
727,Denver, CO,#LGBTQRights,Sun Jun 21 02:18:00 +0000 2020,39.7621,-104.8759,#9A6324,1774.0,2787266.0,1
728,Oregon, USA,#LGBTQRights,Sun Jun 21 01:40:21 +0000 2020,44.56224297082228,-122.01842334217507,#9A6324,621.6392572944297,13825.602122015915,1
729,Mansfield, OH,#LGBTQRights,Sun Jun 21 01:19:00 +0000 2020,40.7656,-82.5275,#9A6324,577.0,72635.0,1
730,Ohio, USA,#LGBTQRights,Sun Jun 21 01:14:43 +0000 2020,40.35181636212625,-82.80448712624585,#9A6324,549.1569767441861,11432.45265780731,1
732,Lorton, VA,#LGBTQRights,Sun Jun 21 00:32:18 +0000 2020,38.6984,-77.2163,#9A6324,1464.0,20268.0,1
733,San Diego, CA,#LGBTQRights,Sun Jun 21 00:26:20 +0000 2020,32.8312,-117.1225,#9A6324,1683.0,3210314.0,1
734,Washington, DC,#LGBTQRights,Sun Jun 21 00:13:06 +0000 2020,38.9047,-77.0163,#9A6324,4382.0,5289420.0,2
735,Oak Hill, WV,#AbortionIsRacist,Sun Jun 21 10:53:09 +0000 2020,37.9844,-81.1277,#fffac8,334.0,8338.0,1
736,Lexington, KY,#AbortionIsRacist,Sun Jun 21 05:32:30 +0000 2020,38.0423,-84.4587,#fffac8,438.0,315939.0,1
737,Idaho, USA,#AbortionIsRacist,Sat Jun 20 22:23:08 +0000 2020,44.56990398230088,-114.69001194690266,#fffac8,425.5088495575221,7221.420353982301,1
738,Mays Landing, NJ,#AbortionIsRacist,Sat Jun 20 19:44:28 +0000 2020,39.4524,-74.7241,#fffac8,473.0,2088.0,1
739,Manhattan, NY,#AbortionIsRacist,Sat Jun 20 11:54:39 +0000 2020,40.7834,-73.9662,#fffac8,27799.0,1643734.0,1
740,Stonington, Connecticut ,#AbortionIsRacist,Sat Jun 20 06:26:13 +0000 2020,41.3344,-71.9033,#fffac8,1016.0,898.0,1
741,Virginia, USA,#AbortionIsRacist,Fri Jun 19 09:30:24 +0000 2020,37.7647656996587,-78.37606126279863,#fffac8,544.5238907849829,13988.131399317406,1
743,Alaska, USA,#AbortionIsRacist,Fri Jun 19 00:42:00 +0000 2020,61.43625807365439,-150.8333419263456,#fffac8,38.640226628895185,1971.0793201133145,1
744,Oak Harbor, WA,#AbortionIsRacist,Fri Jun 19 00:35:39 +0000 2020,48.2965,-122.6331,#fffac8,930.0,34663.0,1
745,Texas, USA,#AbortionIsRacist,Fri Jun 19 00:34:23 +0000 2020,30.65436949941793,-97.80444208381839,#fffac8,467.07974388824215,19220.278230500582,3
746,Colorado, USA,#AbortionIsRacist,Thu Jun 18 23:58:04 +0000 2020,39.18856197802197,-105.29543868131867,#fffac8,446.1802197802198,16481.65274725275,1
747,Las Vegas, NV,#AbortionIsRacist,Thu Jun 18 23:55:31 +0000 2020,36.2333,-115.2654,#fffac8,1747.0,2073045.0,1
748,Louisville, KY,#AbortionIsRacist,Thu Jun 18 23:53:10 +0000 2020,38.1663,-85.6485,#fffac8,910.0,1011696.0,1
749,Chicago, IL,#AbortionIsRacist,Thu Jun 18 23:50:20 +0000 2020,41.8373,-87.6862,#fffac8,4612.0,8675982.0,1
750,Hattiesburg, MS,#AbortionIsRacist,Thu Jun 18 22:59:49 +0000 2020,31.3074,-89.317,#fffac8,335.0,81036.0,1
751,Texas, USA,#AbortionIsRacist,Thu Jun 18 15:10:12 +0000 2020,30.65436949941793,-97.80444208381839,#fffac8,467.07974388824215,19220.278230500582,3
752,San Diego, CA,#AbortionIsRacist,Thu Jun 18 12:19:53 +0000 2020,32.8312,-117.1225,#fffac8,1683.0,3210314.0,1
753,Decorah, IA,#AbortionIsRacist,Thu Jun 18 12:18:35 +0000 2020,43.3016,-91.7846,#fffac8,418.0,8184.0,1
754,Boston, MA,#AbortionIsRacist,Thu Jun 18 12:18:24 +0000 2020,42.3188,-71.0846,#fffac8,5472.0,4637537.0,1
755,Alabama, USA,#AbortionIsRacist,Thu Jun 18 11:33:13 +0000 2020,32.94153133561644,-86.74674229452056,#fffac8,145.04965753424656,7362.020547945205,1
757,Queens, NY,#AbortionIsRacist,Thu Jun 18 10:16:25 +0000 2020,40.7498,-73.7976,#fffac8,8247.0,2333054.0,1
758,Tennessee, USA,#AbortionIsRacist,Thu Jun 18 08:50:09 +0000 2020,35.82854061032864,-86.25442746478873,#fffac8,230.86150234741785,14237.330985915492,1
759,Michigan, USA,#AbortionIsRacist,Thu Jun 18 07:46:02 +0000 2020,43.47372115942029,-84.86635913043477,#fffac8,503.21159420289854,15115.937681159421,1
760,New Hampshire, USA,#AbortionIsRacist,Thu Jun 18 07:30:55 +0000 2020,43.49214736842106,-71.5028105263158,#fffac8,338.60526315789474,21042.447368421053,1
762,Texas, USA,#AbortionIsRacist,Thu Jun 18 06:40:17 +0000 2020,30.65436949941793,-97.80444208381839,#fffac8,467.07974388824215,19220.278230500582,3
765,El Paso, TX,#AbortionIsRacist,Thu Jun 18 05:51:19 +0000 2020,31.8479,-106.4309,#fffac8,1025.0,845674.0,1
766,Los Angeles, CA ,#AbortionIsRacist,Thu Jun 18 05:43:48 +0000 2020,34.1139,-118.4068,#fffac8,3295.0,12815475.0,1
785,Los Angeles, CA,#coronavirusInSA,Sun Jun 21 03:00:29 +0000 2020,34.1139,-118.4068,#800000,3295.0,12815475.0,1
786,New York, USA,#IllegalAliens,Fri Jun 19 19:58:03 +0000 2020,42.11192215013902,-75.02628554216868,#aaffc3,970.2613531047266,35076.80815569972,1
787,Connecticut, USA,#IllegalAliens,Sun Jun 21 11:41:32 +0000 2020,41.55448839285714,-72.6807919642857,#aaffc3,749.8392857142857,36364.169642857145,1
789,California, USA,#IllegalAliens,Sun Jun 21 08:19:53 +0000 2020,36.924938936877076,-120.18747089700997,#aaffc3,956.9958139534883,39607.22724252492,2
790,Henderson, NV,#IllegalAliens,Sun Jun 21 06:39:23 +0000 2020,36.0146,-115.0362,#aaffc3,1115.0,302539.0,1
791,Aumsville, OR,#IllegalAliens,Sun Jun 21 06:38:36 +0000 2020,44.8462,-122.87,#aaffc3,1405.0,4232.0,1
792,Colorado, USA,#IllegalAliens,Sun Jun 21 05:09:14 +0000 2020,39.18856197802197,-105.29543868131867,#aaffc3,446.1802197802198,16481.65274725275,2
794,Georgia, USA,#IllegalAliens,Sun Jun 21 04:41:44 +0000 2020,32.96564403225806,-83.57147564516129,#aaffc3,315.7548387096774,17340.274193548386,1
795,Louisiana, USA,#IllegalAliens,Sun Jun 21 04:40:07 +0000 2020,30.981620886075948,-91.83754514767932,#aaffc3,337.1308016877637,10326.888185654008,1
796,Memphis, TN,#IllegalAliens,Sun Jun 21 04:36:02 +0000 2020,35.1046,-89.9773,#aaffc3,793.0,1068873.0,1
797,Birmingham, AL,#IllegalAliens,Sun Jun 21 04:11:21 +0000 2020,33.5277,-86.7987,#aaffc3,556.0,744189.0,1
799,St. Louis, MO,#IllegalAliens,Sun Jun 21 01:19:12 +0000 2020,38.6358,-90.2451,#aaffc3,1929.0,2078283.0,1
800,Arkansas, USA,#IllegalAliens,Sun Jun 21 00:03:03 +0000 2020,35.07553649906891,-92.35809255121043,#aaffc3,199.72625698324023,4858.420856610801,1
801,Manhattan, NY,#IllegalAliens,Sat Jun 20 23:39:02 +0000 2020,40.7834,-73.9662,#aaffc3,27799.0,1643734.0,1
802,Fresno, CA,#IllegalAliens,Sat Jun 20 23:08:22 +0000 2020,36.7831,-119.7941,#aaffc3,1781.0,698021.0,1
803,Wyoming, USA,#IllegalAliens,Sat Jun 20 22:32:48 +0000 2020,42.74681741293532,-107.70822338308457,#aaffc3,198.23880597014926,2426.283582089552,1
805,California, USA,#IllegalAliens,Sat Jun 20 22:09:29 +0000 2020,36.924938936877076,-120.18747089700997,#aaffc3,956.9958139534883,39607.22724252492,2
806,Dallas,Texas,#IllegalAliens,Sat Jun 20 22:01:49 +0000 2020,32.7936,-96.7662,#aaffc3,1524.0,5733259.0,2
807,Mission Viejo, CA,#IllegalAliens,Sat Jun 20 21:52:31 +0000 2020,33.6095,-117.655,#aaffc3,2094.0,600474.0,1
809,Liverpool, NY,#IllegalAliens,Sat Jun 20 19:47:50 +0000 2020,43.1061,-76.2093,#aaffc3,1147.0,2250.0,1
810,Marysville, WA,#IllegalAliens,Sat Jun 20 18:16:58 +0000 2020,48.081,-122.1558,#aaffc3,1289.0,166541.0,1
811,Florida, USA,#IllegalAliens,Sat Jun 20 18:10:31 +0000 2020,28.1400878021978,-82.12263065934067,#aaffc3,927.0826373626373,33241.92747252747,2
812,Dallas, TX,#IllegalAliens,Sat Jun 20 17:40:00 +0000 2020,32.7936,-96.7662,#aaffc3,1524.0,5733259.0,2
813,Florida, USA,#IllegalAliens,Sat Jun 20 17:16:11 +0000 2020,28.1400878021978,-82.12263065934067,#aaffc3,927.0826373626373,33241.92747252747,2
814,Colorado, USA,#IllegalAliens,Sat Jun 20 17:12:32 +0000 2020,39.18856197802197,-105.29543868131867,#aaffc3,446.1802197802198,16481.65274725275,2
815,Arizona, USA,#IllegalAliens,Sat Jun 20 17:11:24 +0000 2020,33.872523318385646,-111.58644260089687,#aaffc3,204.72869955156952,21483.224215246635,1
816,California, USA,#Copslivesmatter,Fri Jun 19 05:14:06 +0000 2020,36.924938936877076,-120.18747089700997,#808000,956.9958139534883,39607.22724252492,1
817,Erie, PA,#Copslivesmatter,Sun Jun 21 03:29:47 +0000 2020,42.1168,-80.0733,#808000,1964.0,188079.0,1
818,Rancho Cucamonga, California,#Copslivesmatter,Sun Jun 21 00:39:11 +0000 2020,34.1248,-117.5666,#808000,1707.0,177452.0,1
819,Arkansas, USA,#Copslivesmatter,Sun Jun 21 00:03:03 +0000 2020,35.07553649906891,-92.35809255121043,#808000,199.72625698324023,4858.420856610801,2
820,Arkansas, USA,#Copslivesmatter,Sat Jun 20 23:34:05 +0000 2020,35.07553649906891,-92.35809255121043,#808000,199.72625698324023,4858.420856610801,2
824,San Francisco, CA,#Copslivesmatter,Sat Jun 20 21:25:47 +0000 2020,37.7562,-122.443,#808000,7286.0,3603761.0,1
825,Georgia, USA,#Copslivesmatter,Sat Jun 20 21:03:28 +0000 2020,32.96564403225806,-83.57147564516129,#808000,315.7548387096774,17340.274193548386,1
827,Ferguson, MO,#Copslivesmatter,Sat Jun 20 19:48:27 +0000 2020,38.749,-90.2949,#808000,1292.0,20728.0,1
832,Texas, U.S.A.,#Copslivesmatter,Sat Jun 20 13:16:15 +0000 2020,30.65436949941793,-97.80444208381839,#808000,467.07974388824215,19220.278230500582,1
833,Shreveport, LA,#Copslivesmatter,Sat Jun 20 12:17:58 +0000 2020,32.4659,-93.7959,#808000,692.0,287432.0,1
834,Houston, Texas,#Copslivesmatter,Sat Jun 20 12:03:29 +0000 2020,29.7869,-95.3905,#808000,1401.0,5446468.0,1
835,Conway, AR,#Copslivesmatter,Sat Jun 20 11:56:59 +0000 2020,35.0753,-92.4695,#808000,552.0,72894.0,1
841,East Islip, NY,#Copslivesmatter,Sat Jun 20 09:12:13 +0000 2020,40.7275,-73.1861,#808000,1322.0,13616.0,1
